step,latency_ms,throughput,time_s,cpu_percent,gpu_percent
0,43.039,743.5,0.0430,56.8,67.3
1,40.720,785.8,0.0838,54.0,64.3
2,37.253,859.0,0.1210,51.5,62.3
3,35.780,894.4,0.1568,51.7,62.6
4,33.995,941.3,0.1908,54.8,65.0
5,32.243,992.5,0.2230,54.1,58.7
6,30.598,1045.8,0.2536,52.6,55.7
7,29.109,1099.3,0.2827,59.8,54.8
8,27.962,1144.4,0.3107,55.2,64.9
9,27.756,1152.9,0.3385,54.6,56.8
10,26.049,1228.4,0.3645,56.3,67.7
11,24.494,1306.4,0.3890,59.0,56.6
12,23.545,1359.1,0.4125,55.5,65.3
13,23.062,1387.6,0.4356,63.2,62.5
14,21.205,1509.1,0.4568,55.9,68.3
15,21.216,1508.3,0.4780,51.1,60.7
16,20.415,1567.5,0.4984,49.5,60.8
17,20.215,1583.0,0.5187,52.9,60.0
18,19.425,1647.4,0.5381,57.6,65.0
19,18.020,1775.8,0.5561,56.5,61.0
20,19.049,1679.9,0.5752,53.3,56.8
21,17.567,1821.6,0.5927,56.1,64.3
22,17.057,1876.1,0.6098,53.7,58.1
23,16.044,1994.6,0.6258,52.1,64.5
24,16.816,1902.9,0.6426,58.8,65.7
25,15.488,2066.1,0.6581,51.8,59.4
26,16.547,1933.9,0.6747,52.1,68.2
27,14.916,2145.4,0.6896,56.7,57.5
28,15.670,2042.1,0.7053,56.4,63.2
29,15.156,2111.4,0.7204,55.7,63.3
30,15.154,2111.7,0.7356,52.8,58.0
31,15.220,2102.6,0.7508,56.9,70.4
32,14.108,2268.2,0.7649,51.4,56.8
33,14.696,2177.5,0.7796,56.9,56.5
34,13.673,2340.4,0.7933,46.4,60.1
35,13.958,2292.5,0.8072,58.1,66.5
36,14.638,2186.1,0.8219,57.6,59.0
37,13.983,2288.5,0.8358,55.8,59.7
38,13.426,2383.4,0.8493,52.9,63.6
39,13.751,2327.1,0.8630,51.3,65.8
40,13.550,2361.7,0.8766,56.7,64.9
41,12.772,2505.5,0.8893,56.4,59.2
42,12.086,2647.6,0.9014,61.8,71.2
43,13.128,2437.6,0.9146,54.4,61.8
44,13.091,2444.4,0.9276,53.5,61.0
45,21.166,1511.9,0.9488,57.6,67.6
46,13.242,2416.5,0.9621,53.2,58.6
47,12.098,2645.0,0.9742,51.2,61.5
48,13.167,2430.3,0.9873,53.7,62.5
49,12.347,2591.8,0.9997,55.6,55.2
50,13.805,2317.9,1.0135,52.3,63.9
51,13.174,2429.0,1.0266,52.4,59.1
52,12.223,2618.1,1.0389,49.7,66.1
53,12.745,2510.7,1.0516,56.4,60.7
54,12.060,2653.4,1.0637,57.5,68.2
55,12.541,2551.7,1.0762,59.7,60.3
56,13.035,2455.0,1.0892,54.7,63.3
57,12.722,2515.3,1.1020,58.2,53.8
58,13.209,2422.6,1.1152,55.3,55.5
59,11.939,2680.2,1.1271,58.6,61.2
60,12.570,2545.6,1.1397,57.1,60.7
61,13.538,2363.7,1.1532,60.1,65.5
62,12.656,2528.5,1.1659,53.3,55.2
63,12.566,2546.5,1.1784,56.7,64.5
64,13.081,2446.2,1.1915,54.1,61.2
65,12.974,2466.4,1.2045,53.1,66.8
66,12.849,2490.4,1.2174,59.4,59.5
67,13.025,2456.9,1.2304,52.6,64.5
68,12.373,2586.2,1.2428,50.1,61.5
69,11.965,2674.5,1.2547,55.4,62.0
70,12.973,2466.7,1.2677,59.8,58.7
71,12.553,2549.1,1.2802,57.2,62.9
72,13.299,2406.1,1.2935,54.7,64.8
73,13.140,2435.3,1.3067,55.9,63.8
74,11.743,2725.1,1.3184,53.6,58.2
75,11.895,2690.3,1.3303,59.5,66.8
76,12.932,2474.5,1.3432,56.2,59.3
77,13.078,2446.9,1.3563,57.5,55.9
78,12.174,2628.6,1.3685,53.7,61.7
79,11.882,2693.2,1.3804,53.4,54.1
80,12.615,2536.6,1.3930,60.6,55.6
81,11.864,2697.3,1.4049,59.3,71.3
82,11.919,2684.7,1.4168,57.4,64.1
83,12.828,2494.5,1.4296,50.8,60.6
84,12.817,2496.7,1.4424,48.6,60.4
85,12.576,2544.5,1.4550,55.9,54.2
86,12.083,2648.4,1.4671,53.5,58.0
87,13.341,2398.6,1.4804,59.3,62.7
88,12.400,2580.7,1.4928,56.8,61.0
89,19.344,1654.3,1.5122,55.6,62.0
90,12.516,2556.7,1.5247,51.0,66.0
91,12.320,2597.4,1.5370,54.1,56.9
92,12.139,2636.1,1.5491,54.6,65.0
93,12.283,2605.3,1.5614,57.8,66.4
94,12.243,2613.7,1.5737,56.6,62.2
95,11.844,2701.8,1.5855,54.3,57.7
96,12.614,2536.9,1.5981,58.1,62.5
97,13.124,2438.4,1.6113,58.2,59.8
98,12.991,2463.3,1.6242,54.8,64.2
99,12.856,2489.1,1.6371,52.8,62.0
100,11.949,2678.0,1.6490,54.8,63.4
101,13.301,2405.8,1.6624,50.8,57.6
102,12.540,2551.7,1.6749,50.9,61.8
103,12.827,2494.8,1.6877,52.5,74.0
104,12.223,2618.0,1.6999,53.5,70.7
105,12.696,2520.5,1.7126,59.4,62.5
106,12.819,2496.3,1.7255,57.7,58.2
107,12.216,2619.6,1.7377,55.4,64.4
108,10.967,2917.8,1.7486,64.5,61.1
109,12.544,2551.1,1.7612,55.3,66.1
110,12.664,2526.9,1.7738,57.8,54.9
111,12.556,2548.5,1.7864,58.7,62.9
112,12.441,2572.1,1.7988,55.0,63.7
113,11.732,2727.6,1.8106,53.8,57.7
114,12.181,2627.0,1.8228,56.3,68.5
115,12.749,2510.0,1.8355,54.0,64.8
116,13.396,2388.8,1.8489,54.4,64.5
117,12.108,2642.8,1.8610,56.5,59.0
118,12.513,2557.4,1.8735,59.2,59.5
119,12.487,2562.7,1.8860,48.8,59.9
120,12.622,2535.2,1.8986,54.4,62.8
121,11.496,2783.5,1.9101,54.4,60.8
122,12.497,2560.5,1.9226,62.3,57.3
123,11.927,2682.9,1.9346,54.0,63.1
124,12.741,2511.5,1.9473,57.2,61.2
125,12.593,2541.1,1.9599,58.3,61.1
126,12.890,2482.6,1.9728,59.6,56.6
127,12.152,2633.3,1.9849,56.6,64.9
128,12.437,2572.9,1.9974,53.2,63.1
129,12.332,2595.0,2.0097,56.9,60.8
130,13.174,2429.0,2.0229,55.2,64.5
131,13.083,2445.9,2.0360,58.2,68.0
132,12.918,2477.2,2.0489,56.2,67.1
133,12.362,2588.6,2.0612,58.9,67.2
134,12.445,2571.4,2.0737,56.5,52.7
135,13.218,2420.9,2.0869,59.2,64.0
136,11.451,2794.4,2.0983,54.6,58.4
137,13.311,2404.0,2.1117,54.0,58.7
138,12.388,2583.1,2.1240,49.9,58.0
139,12.965,2468.2,2.1370,56.2,58.8
140,12.470,2566.1,2.1495,54.6,71.9
141,12.418,2576.9,2.1619,55.3,66.5
142,11.955,2676.8,2.1739,52.5,63.9
143,12.091,2646.6,2.1859,53.5,61.6
144,13.523,2366.3,2.1995,50.6,63.3
145,11.721,2730.2,2.2112,57.0,58.2
146,12.549,2549.9,2.2237,55.3,65.2
147,13.072,2448.0,2.2368,55.6,64.1
148,12.124,2639.5,2.2489,54.0,65.7
149,11.724,2729.4,2.2607,59.7,59.7
150,12.269,2608.3,2.2729,58.1,59.8
151,12.749,2510.0,2.2857,56.4,66.9
152,12.938,2473.4,2.2986,51.8,49.9
153,12.344,2592.4,2.3110,55.6,68.7
154,12.860,2488.4,2.3238,57.9,61.0
155,12.221,2618.5,2.3360,53.6,61.8
156,12.009,2664.7,2.3480,54.5,60.8
157,13.278,2410.0,2.3613,56.0,55.4
158,12.086,2647.7,2.3734,57.8,55.2
159,12.937,2473.6,2.3863,60.6,65.4
160,12.403,2580.0,2.3988,53.0,52.6
161,12.501,2559.9,2.4113,57.8,59.3
162,12.220,2618.8,2.4235,56.2,59.9
163,12.340,2593.2,2.4358,59.4,60.9
164,12.177,2627.9,2.4480,56.4,57.3
165,13.250,2415.0,2.4612,53.0,60.7
166,12.731,2513.5,2.4740,56.2,57.4
167,12.882,2484.0,2.4869,55.8,68.6
168,12.691,2521.6,2.4995,52.2,59.9
169,12.304,2600.8,2.5118,56.1,58.1
170,12.589,2541.9,2.5244,53.4,57.5
171,12.008,2664.9,2.5364,53.1,64.8
172,12.762,2507.5,2.5492,53.4,60.6
173,12.199,2623.1,2.5614,56.2,65.1
174,12.507,2558.6,2.5739,54.6,59.5
175,12.333,2594.7,2.5862,55.3,58.5
176,12.759,2508.0,2.5990,56.4,61.4
177,11.380,2812.0,2.6104,58.3,56.0
178,12.285,2604.8,2.6227,57.0,57.0
179,12.111,2642.1,2.6348,52.8,71.6
180,12.239,2614.7,2.6470,55.8,68.1
181,11.682,2739.4,2.6587,54.0,62.8
182,13.278,2410.1,2.6720,52.7,63.8
183,12.194,2624.1,2.6842,55.5,59.4
184,12.724,2514.9,2.6969,55.4,61.1
185,11.962,2675.2,2.7089,58.6,64.9
186,12.394,2581.8,2.7213,58.7,59.6
187,12.510,2557.9,2.7338,58.5,69.5
188,12.239,2614.5,2.7460,54.8,61.6
189,12.324,2596.6,2.7583,57.0,64.9
190,12.671,2525.4,2.7710,51.2,61.0
191,12.672,2525.3,2.7837,57.2,57.3
192,11.845,2701.6,2.7955,58.0,61.0
193,20.238,1581.2,2.8158,52.7,67.0
194,11.825,2706.2,2.8276,57.6,59.5
195,12.295,2602.7,2.8399,57.8,63.2
196,12.088,2647.3,2.8520,56.8,70.2
197,11.659,2744.7,2.8636,53.4,65.9
198,12.049,2655.8,2.8757,54.2,61.1
199,12.447,2570.9,2.8881,58.1,64.6
200,13.324,2401.6,2.9014,55.0,63.4
201,11.788,2714.6,2.9132,54.8,55.5
202,12.582,2543.2,2.9258,53.8,60.6
203,12.457,2568.8,2.9383,58.9,50.1
204,12.855,2489.2,2.9511,58.5,65.9
205,13.112,2440.5,2.9642,56.4,62.6
206,12.059,2653.5,2.9763,51.1,71.1
207,11.498,2783.2,2.9878,51.4,63.3
208,12.343,2592.5,3.0001,57.3,59.4
209,11.736,2726.7,3.0119,54.7,63.6
210,13.025,2456.8,3.0249,55.4,67.5
211,12.240,2614.4,3.0371,61.7,54.0
212,12.530,2553.8,3.0497,54.7,67.9
213,13.031,2455.7,3.0627,53.4,66.6
214,12.072,2650.8,3.0748,61.9,62.9
215,11.683,2738.9,3.0865,56.0,55.4
216,12.809,2498.2,3.0993,53.1,59.0
217,13.090,2444.6,3.1124,56.9,58.0
218,12.649,2529.9,3.1250,53.8,59.3
219,11.748,2723.9,3.1367,56.9,67.8
220,12.663,2527.1,3.1494,54.6,63.1
221,12.332,2595.0,3.1617,54.0,66.0
222,11.986,2669.7,3.1737,55.6,64.0
223,11.751,2723.3,3.1855,54.3,57.7
224,12.879,2484.7,3.1984,50.2,61.8
225,12.312,2599.0,3.2107,58.5,63.4
226,12.625,2534.7,3.2233,57.4,61.7
227,12.779,2504.2,3.2361,54.4,59.6
228,12.642,2531.3,3.2487,52.6,65.0
229,12.337,2593.8,3.2611,55.5,64.9
230,12.706,2518.5,3.2738,53.3,65.9
231,12.681,2523.6,3.2864,52.3,65.0
232,12.722,2515.4,3.2992,55.0,67.0
233,12.408,2579.0,3.3116,55.4,57.5
234,11.929,2682.5,3.3235,51.5,67.7
235,11.914,2685.9,3.3354,52.5,58.7
236,12.266,2608.9,3.3477,52.3,71.3
237,13.005,2460.5,3.3607,60.1,68.0
238,12.396,2581.5,3.3731,52.7,70.4
239,13.152,2433.0,3.3862,59.4,63.7
240,13.014,2458.8,3.3992,50.9,62.8
241,12.297,2602.2,3.4115,57.5,64.0
242,12.477,2564.7,3.4240,52.5,65.9
243,11.760,2721.2,3.4358,53.6,52.4
244,13.100,2442.7,3.4489,54.8,63.2
245,12.966,2468.0,3.4618,57.7,70.1
246,11.168,2865.4,3.4730,50.8,60.2
247,12.040,2657.9,3.4851,60.3,61.9
248,12.782,2503.5,3.4978,50.6,58.3
249,12.842,2491.8,3.5107,57.8,68.4
250,11.934,2681.4,3.5226,57.9,69.3
251,19.831,1613.6,3.5424,57.3,57.8
252,11.893,2690.6,3.5543,54.7,64.0
253,12.592,2541.3,3.5669,52.9,62.2
254,12.555,2548.7,3.5795,53.8,63.7
255,11.664,2743.5,3.5911,59.6,65.5
256,19.599,1632.7,3.6107,55.8,56.8
257,12.633,2533.0,3.6234,51.0,56.8
258,11.564,2767.2,3.6349,51.5,58.8
259,11.807,2710.2,3.6468,56.1,62.6
260,12.950,2471.0,3.6597,53.7,57.3
261,12.355,2590.0,3.6721,53.8,69.1
262,12.350,2591.0,3.6844,51.2,63.3
263,10.931,2927.4,3.6953,58.1,60.9
264,11.955,2676.7,3.7073,57.7,59.0
265,19.422,1647.6,3.7267,52.5,56.3
266,11.999,2666.9,3.7387,51.3,61.7
267,12.735,2512.7,3.7514,58.3,56.9
268,11.704,2734.1,3.7632,51.4,57.9
269,11.992,2668.5,3.7751,54.8,67.1
270,11.580,2763.4,3.7867,57.5,56.5
271,12.438,2572.8,3.7992,55.9,61.4
272,12.052,2655.1,3.8112,56.1,64.5
273,12.031,2659.8,3.8232,61.1,59.4
274,13.200,2424.3,3.8364,54.9,63.5
275,12.067,2652.0,3.8485,52.2,68.5
276,12.670,2525.7,3.8612,57.2,57.2
277,11.780,2716.5,3.8730,59.8,59.4
278,12.137,2636.6,3.8851,56.8,62.2
279,11.425,2800.8,3.8965,57.4,56.0
280,12.684,2522.8,3.9092,57.7,58.1
281,11.905,2688.0,3.9211,55.1,62.0
282,11.582,2762.9,3.9327,54.4,62.8
283,12.347,2591.7,3.9450,61.0,61.1
284,12.345,2592.1,3.9574,52.8,57.9
285,12.317,2597.9,3.9697,51.1,61.2
286,12.216,2619.5,3.9819,54.7,63.9
287,11.932,2681.9,3.9939,58.3,55.9
288,12.486,2562.8,4.0063,54.7,66.2
289,12.727,2514.3,4.0191,50.7,65.5
290,13.233,2418.2,4.0323,52.6,67.1
291,12.824,2495.4,4.0451,59.9,68.2
292,11.592,2760.6,4.0567,53.5,58.7
293,12.341,2592.9,4.0691,50.4,61.6
294,12.193,2624.6,4.0812,53.5,61.2
295,11.513,2779.5,4.0928,55.8,63.6
296,12.471,2565.9,4.1052,47.3,50.7
297,13.032,2455.4,4.1183,59.4,67.3
298,12.697,2520.3,4.1310,55.2,58.9
299,12.070,2651.1,4.1430,53.8,62.3
